こじはる,1,,nyanchan22,https://www.instagram.com/nyanchan22/,https://www.youtube.com/channel/UCOjmYCnYlTcdoD2DKHvrV5g
わたなべなおみ,1,,watanabenaomi703,https://www.instagram.com/watanabenaomi703,https://www.youtube.com/channel/UCFFH1T9H5J7lAr4tkhjoVmw
高橋愛,1,元モー娘。,i_am_takahashi,https://www.instagram.com/i_am_takahashi,
DJ SENNA,8,4/18 20:30〜,djsenna_sennaohtsu,https://www.instagram.com/djsenna_sennaohtsu/,
大島麻衣,1,元AKB,maioshima911,https://www.instagram.com/maioshima911,
マリエ,1,,pascalmariedesmaris_pmd,https://www.instagram.com/pascalmariedesmarais_pmd/,
ビタミンS・お兄ちゃん,1,,oniichan0715,https://www.instagram.com/oniichan0715/,https://www.youtube.com/channel/UCfE1BS_u3fj7u8rMfzbqbCA/featured
宮迫,1,,miyasako_hiroyuki,https://www.instagram.com/miyasako_hiroyuki/,https://www.youtube.com/channel/UCtubooLn_qgqoWsWS-UWuHw
KREVA,8,,kreva_drk_dj908,https://www.instagram.com/kreva_drk_dj908/,https://www.youtube.com/user/kreva
キンコン西野,1,,japanesehandsome,https://www.instagram.com/japanesehandsome/?hl=ja,https://www.youtube.com/channel/UCOy5sLcFLqYNqZ1iurp4dCg/videos?view=0&sort=dd&shelf_id=1
横浜Fマリノス,3,,yokohamaf.marinos,https://www.instagram.com/yokohamaf.marinos/?hl=ja,https://www.youtube.com/user/yokohamafmarinos1972
ももかチャンネル,2,,momoka_ch,https://www.instagram.com/momoka_ch/?hl=ja,https://www.youtube.com/user/chmomoka
メンタリストDaiGo,1,,mentalistdaigo,https://www.instagram.com/mentalistdaigo/?hl=ja,https://www.youtube.com/user/mentalistdaigo
ジャニーズ事務所,1,,-,-,https://www.youtube.com/channel/UCfwnhCPBIlbe7XMRV5WKbrQ/videos
藤原さくら,8,シンガーソングライター,mammothsakura,https://www.instagram.com/mammothsakura/?hl=ja,https://www.youtube.com/results?search_query=%E8%97%A4%E5%8E%9F%E3%81%95%E3%81%8F%E3%82%89
ホリエモン,1,,takapon_jp,https://www.instagram.com/takapon_jp/channel/?hl=ja,https://www.youtube.com/user/takaponjp
エグザイルアツシ,8,,exile_atsushi_official,https://www.instagram.com/exile_atsushi_official/?hl=ja,https://www.youtube.com/channel/UCOD-DHOD7kEg1DH-bNHgkiA
ゆきぽよ,1,,poyo_ngy,https://www.instagram.com/poyo_ngy/?hl=ja,https://www.youtube.com/channel/UC6TRiVRGcAyIqyKgVmSz9oQ
koki,1,キムタクの娘: 妹,koki,https://www.instagram.com/koki/?hl=ja,
cocomi,1,キムタクの娘: 姉,cocomi_553_official,https://www.instagram.com/cocomi_553_official/?hl=ja,
愛内里菜,8,,rika_kakiuchi,https://www.instagram.com/rika_kakiuchi/?hl=ja,https://www.youtube.com/channel/UC2JJiHkY6PHLm3b4PVUOZmw
神田聖子,1,松田聖子そっくりさん,kandaseiko,https://www.instagram.com/kandaseiko/?hl=ja,
はあちゅう,2,ブロガー、作家,ha_chu,https://www.instagram.com/ha_chu/,https://www.youtube.com/user/hachu122/videos
AKB48グループ,1,,akb48,https://www.instagram.com/akb48/?hl=ja,https://www.youtube.com/user/AKB48
星野源,8,,iamgenhoshino,https://www.instagram.com/iamgenhoshino/?hl=ja,https://www.youtube.com/channel/UCPKlrgZXnnb89nSeITvTdGA
田中みな実,1,,,,
ともちん／板野ともみ,1,,tomo.i_0703,https://www.instagram.com/tomo.i_0703/?hl=ja,
山ピー,1,,tomo.y9,https://www.instagram.com/tomo.y9/?hl=ja,
嵐,1,,arashi_5_official,https://www.instagram.com/arashi_5_official/?hl=ja,https://www.youtube.com/channel/UCP7Gw_YZAuh4Yg2fcdcuumQ
永野芽郁,1,,mei_nagano0924official,https://www.instagram.com/mei_nagano0924official/,
加藤ミリヤ,8,,miliyahtokyo,https://www.instagram.com/miliyahtokyo/,https://www.youtube.com/user/miliyahSMEJ
桐谷美玲,1,,mirei_kiritani_,https://www.instagram.com/mirei_kiritani_/,
河北麻友子,1,,mayukokawakitaofficial,https://www.instagram.com/mayukokawakitaofficial/,
kemio,2,,mmkemio,https://www.instagram.com/mmkemio/,https://www.youtube.com/channel/UCdqmGeaJIczU3-ZTdBv7JaQ/featured
今田美桜,1,,imada_mio,https://www.instagram.com/imada_mio/,
小島瑠璃子,1,,ruriko_kojima,https://www.instagram.com/ruriko_kojima/,
水川あさみ,1,,mizukawa_asami,https://www.instagram.com/mizukawa_asami/,
大政絢,1,,aya_omasa_official,https://www.instagram.com/aya_omasa_official/,
Ellie,2,美容家,_z_eric_o_,https://www.instagram.com/_z_eric_o_/,https://www.youtube.com/channel/UCQVSRbVuEztR891hfEXrFGw/featured
佐々木希,1,,nozomisasaki_official,https://www.instagram.com/nozomisasaki_official/,
松本まりか,1,,marika_matsumoto,https://www.instagram.com/marika_matsumoto/,
上白石萌音,1,,mone_kamishiraishi,https://www.instagram.com/mone_kamishiraishi/,https://www.youtube.com/channel/UCdzLYBOVmmOoHyA_E5VXbwg
広瀬すず,1,,suzu.hirose.official,https://www.instagram.com/suzu.hirose.official/,
大原櫻子,8,,sakurako_ohara,https://www.instagram.com/sakurako_ohara/,https://www.youtube.com/user/oharasakurako
本田翼,1,,tsubasa_0627official,https://www.instagram.com/tsubasa_0627official/,https://www.youtube.com/channel/UC8pMBOI9vXf6fIM670vdIPw
滝沢カレン,1,,takizawakarenofficial,https://www.instagram.com/takizawakarenofficial/,
西内まりや,1,,mariya_nishiuchi_official,https://www.instagram.com/mariya_nishiuchi_official/,https://www.youtube.com/channel/UC-OC4syGCE0nazvtOM7Uf_Q
黒木メイサ,1,,meisa_kuroki_,https://www.instagram.com/meisa_kuroki_/,
本田真凛,3,フィギュアスケート,marin_honda,https://www.instagram.com/marin_honda/,
あらきゆうこ,1,,arakiyu_ko,https://www.instagram.com/arakiyu_ko/,
とくい芸人,1,,tokui_yoshimi,https://www.instagram.com/tokui_yoshimi/,
きゃりーぱみゅぱみゅ,8,,kyarypappa,https://www.instagram.com/kyarypappa/,https://www.youtube.com/user/kyarypamyupamyuTV
ワンオクのたか,8,,10969taka,https://www.instagram.com/10969taka/?hl=ja,https://www.youtube.com/channel/UCzycs8MqvIY4nXWwS-v4J9g
三浦翔平,1,,shohei.63,https://www.instagram.com/shohei.63/,
西島 隆弘（AAA）,8,,nissy_nissystaff,https://www.instagram.com/nissy_nissystaff/,
近藤春菜,1,ハリセンボン,harisenbon_haruna,https://www.instagram.com/harisenbon_haruna/,
ベッキー,1,,becky_dayo,https://www.instagram.com/becky_dayo/,https://www.youtube.com/user/becky
柿谷 曜一朗,3,,yoichiro.no.8,https://www.instagram.com/yoichiro.no.8/,
おおくぼ サッカー,3,AKB,yoshito13,https://www.instagram.com/yoshito13/?hl=ja,
みやざわさえ,1,AKB,sae_3830,https://www.instagram.com/sae_3830/?hl=ja,
おおしまゆうこ,1,AKB,yuk00shima,https://www.instagram.com/yuk00shima/?hl=ja,
とうばんひろおみ,1,登坂広臣,3jsb_hiroomi_tosaka,https://www.instagram.com/3jsb_hiroomi_tosaka/?hl=ja,
にちょぱ,1,池田美優,michopa1030,https://www.instagram.com/michopa1030/?hl=ja,
にこるん,1,,nikorunkawaii,https://www.instagram.com/nikorunkawaii/?hl=ja,https://www.youtube.com/channel/UC3d5tppwxYrOtv8fP8jk7nA/videos
いまいしゆうじ,1,今市隆二,jsbryuji_official,https://www.instagram.com/jsbryuji_official/?hl=ja,
さえこ,1,,saekoofficial,https://www.instagram.com/saekoofficial/?hl=ja,
くどうしずか,1,,kudo_shizuka,https://www.instagram.com/kudo_shizuka/?hl=ja,
さしはら,1,,345insta,https://www.instagram.com/345insta/?hl=ja,
ヤマダたかゆき,1,山田孝之,takayukiyamadaphoto,https://www.instagram.com/takayukiyamadaphoto/?hl=ja,
ゆきぽよ,1,,poyo_ngy,https://www.instagram.com/poyo_ngy/?hl=ja,https://www.youtube.com/channel/UC6TRiVRGcAyIqyKgVmSz9oQ
あべこうじ,1,,abe_happy,https://www.instagram.com/abe_happy/?hl=ja,
なかりいさ,1,,riisa1018naka,https://www.instagram.com/riisa1018naka/?hl=ja,
なかおあきよし,1,中尾明慶,akiyoshi0630nakao,https://www.instagram.com/akiyoshi0630nakao/?hl=ja,https://www.youtube.com/channel/UCqlS-_VjKVfHmNYzbYVcN7w
三浦あさみアナウンサー,1,,mito_meat,https://www.instagram.com/mito_meat/,
イグジットのけんちか,1,,kanechikadaiki,https://www.instagram.com/kanechikadaiki/?hl=ja,
いまいりレオ,1,,leoieiri,https://www.instagram.com/leoieiri/?hl=ja,https://www.youtube.com/user/ieirileo
おおはらさくらこ,1,大原櫻子,sakurako_ohara,https://www.instagram.com/sakurako_ohara/?hl=ja,https://www.youtube.com/user/ieirileo/videos
たむけん,1,たむらけんじ,tamuradojou,https://www.instagram.com/tamuradojou/,https://www.youtube.com/channel/UC9hqxNvN5Qh5rj50NtM-4eA/featured
うさみ サッカー,3,,takashi_usami39,https://www.instagram.com/takashi_usami39/?hl=ja,
かりな,1,,karina_official_221,https://www.instagram.com/karina_official_221/?hl=ja,
ありむらかすみ,1,,kasumi_arimura.official,https://www.instagram.com/kasumi_arimura.official/?hl=ja,
なおと,1,Jそうる,exile_naoto,https://www.instagram.com/exile_naoto_/?hl=ja,https://www.youtube.com/channel/UCV7SmmVbR0g5KwjOFTMEPDw
なりみや,1,,hiroshige_narimiya,https://www.instagram.com/hiroshige_narimiya/?hl=ja,
青山テルマ,1,,thelmaaoyama,https://www.instagram.com/thelmaaoyama/?hl=ja,
新垣結衣,1,,,,
しろたゆう,1,,yu_shirota,https://www.instagram.com/yu_shirota/?hl=ja,https://www.youtube.com/channel/UCk3qA8t5ATpBIJtwdwMdZfA
ダルビッシュ,3,,darvishsefat11,https://www.instagram.com/darvishsefat11/?hl=ja,https://www.youtube.com/channel/UCpRTROg3nHnOWVPVeMq4z_w
はちむらるい,3,,rui_8mura,https://www.instagram.com/rui_8mura/?hl=ja,
水川あさみ,1,,mizukawa_asami,https://www.instagram.com/mizukawa_asami/,
はしもとかんな,1,橋本環奈,kannahashimoto.mg,https://www.instagram.com/kannahashimoto.mg/?hl=ja,
ウーバーワールドたくや,1,,takuya_world_official,https://www.instagram.com/takuya_world_official/?hl=ja,
エンリケ,1,,eri.ogawa1102,https://www.instagram.com/eri.ogawa1102/?hl=ja,https://www.youtube.com/channel/UCD0Kba00rO0XaRKJ-qyrszw
ミランダ・カー,1,,mirandakerr,https://www.instagram.com/mirandakerr/?hl=ja,https://www.youtube.com/channel/UC8-l8XNMMBuT2BpcLjZfmWw
こうだくみ,1,,kodakumi_official,https://www.instagram.com/kodakumi_official/?hl=ja,https://www.youtube.com/user/KODAKUMINET
嵐,1,,arashi_5_official,https://www.instagram.com/arashi_5_official/?hl=ja,https://www.youtube.com/channel/UCP7Gw_YZAuh4Yg2fcdcuumQ
ケイティ・ペリー,1,,katyperry,https://www.instagram.com/katyperry/?hl=ja,https://www.youtube.com/user/KatyPerryMusic
ブラック・ピンク,1,,blackpinkofficial,https://www.instagram.com/blackpinkofficial/?hl=ja,https://www.youtube.com/channel/UCOmHUn--16B90oW2L6FRR3A
窪塚洋介,1,,yosuke_kubozuka,https://www.instagram.com/yosuke_kubozuka/?hl=ja,
セリーナ・ゴメス,1,,selenagomez,https://www.instagram.com/selenagomez/?hl=ja,https://www.youtube.com/user/SelGomez/featured
ジャスティン・ビーバー,1,,justinbieber,https://www.instagram.com/justinbieber/?hl=ja,https://www.youtube.com/user/kidrauhl
カーディーB,28,,iamcardib,https://www.instagram.com/iamcardib/channel/,
カイリージェンナー,28,,kyliejenner,https://www.instagram.com/kyliejenner/channel/,https://www.youtube.com/channel/UCWkYXtnAuu7VTLPwUcRSB6A/videos
ダレノガレ明美,1,,darenogare.akemi,https://www.instagram.com/darenogare.akemi/,https://www.youtube.com/channel/UC-D1hOaMFMs70wR-PPGGjBA/videos
マイリー・サイラス,28,,mileycyrus,https://www.instagram.com/mileycyrus/channel/,https://www.youtube.com/user/mileyofficialonline/videos
イニエスタ,3,,andresiniesta8,https://www.instagram.com/andresiniesta8/channel/,
ハリセンボンの近藤春菜,1,,harisenbon_haruna,https://www.instagram.com/harisenbon_haruna/,
ミスチル,8,,,,https://www.youtube.com/user/MrChildren
サカナクション,8,,sakanaction_jp,https://www.instagram.com/sakanaction_jp/channel/,https://www.youtube.com/user/sakanactionchannel/videos?view=64&flow=grid
キャメロン・ディアス,27,,camerondiaz,https://www.instagram.com/camerondiaz/,
DUA LPA,28,,dualipa,https://www.instagram.com/dualipa/channel/,
アリアナ・グランデ,28,,arianagrande,https://www.instagram.com/arianagrande/?hl=ja,https://www.youtube.com/user/osnapitzari/videos
あゆ,8,,a.you,https://www.instagram.com/a.you/?hl=ja,https://www.youtube.com/user/ayu/videos
バーニングマン,,,,,
ファッションショー,,,,,
ちゃんみな,8,,minachanxx,https://www.instagram.com/minachanxx/channel/?hl=ja,https://www.youtube.com/channel/UConh1BwKagscq7EAP2Vng-g/featured
たにまりあ,1,,mariaaaa728,https://www.instagram.com/mariaaaa728/?hl=ja,https://www.youtube.com/channel/UCJ2t3BWwxkpSEtPmfbUHr8A
BIGOLIVE,,,,,
エミ・レナータ,1,,emi_renata,https://www.instagram.com/emi_renata/?hl=ja,https://www.youtube.com/user/EmiRenataS
たいらあいり／長友の奥さん,1,,harikiri_tairi,https://www.instagram.com/harikiri_tairi/,
たいらゆな／妹,1,,yunataira_official,https://www.instagram.com/yunataira_official/,
にき／テラハ,1,,__niki22,https://www.instagram.com/__niki22/,
ベラハディットまま,27,,bellahadid,https://www.instagram.com/bellahadid/,
ワンオク,8,,oneokrockofficial,https://www.instagram.com/oneokrockofficial/,https://www.youtube.com/user/ONEOKROCKchannel
日テレ,18,,,,https://www.youtube.com/user/nittele
にしやままき,1,,maki.nshiyama50,https://www.instagram.com/maki.nshiyama50/?hl=ja,https://www.youtube.com/channel/UCible2rGo9dsK5CsJdW49ew
ぶっちゃけBリーグ,18,,b.league_official,https://www.instagram.com/b.league_official/,https://www.youtube.com/channel/UC4NpGzqd6nnntf8ehYC50-A
たなべりさこ,1,,risako_tanabe,https://www.instagram.com/risako_tanabe/,
タイラーキャメロン,1,,tylerjcameron3,https://www.instagram.com/tylerjcameron3/,
ジョンメイヤー,1,,johnmayer,https://www.instagram.com/johnmayer/,https://www.youtube.com/user/mayermusic/featured
FNNプライムオンライン,14,,,,https://www.youtube.com/user/FNNnewsCH
ANNnewsCH,14,,,,https://www.youtube.com/user/ANNnewsCH
カミラ・カベロ,28,,camila_cabello,https://www.instagram.com/camila_cabello/,https://www.youtube.com/channel/UCio_FVgKVgqcHrRiXDpnqbw
FBS福岡放送公式チャンネル,14,,,,https://www.youtube.com/channel/UCXXEOK4erP8E3cbszN22bEQ
TOSテレビ大分,14,,,,https://www.youtube.com/channel/UC0k0UP7RA9l-X_3t8jElXQQ/videos
チャーリー・プース,28,,charlieputh,https://www.instagram.com/charlieputh/?hl=ja,https://www.youtube.com/user/CharliesVlogs/videos
TBS NEWS,14,,tbsnews_insta,https://www.instagram.com/tbsnews_insta/?hl=ja,https://www.youtube.com/user/tbsnewsi/videos
一ノ瀬みか,,,,,
bloomberg,14,,bloombergbusiness,https://www.instagram.com/bloombergbusiness/channel/,https://www.youtube.com/user/Bloomberg
Charali,28,,charli_xcx,https://www.instagram.com/charli_xcx/,https://www.youtube.com/watch?v=TbJE-KVZvTA&feature=youtu.be
ブリトニー・スピアーズ,28,,britneyspears,https://www.instagram.com/britneyspears/,https://www.youtube.com/channel/UCgffc95YDBlkGrBAJUHUmXQ
ディタおら,28,,ritaora,https://www.instagram.com/ritaora/,https://www.youtube.com/user/ritaora
halsey,28,,iamhalsey,https://www.instagram.com/iamhalsey/,https://www.youtube.com/user/iamhalsey
国土交通省中国地方整備局,14,,,,https://www.youtube.com/channel/UCdBlUJydNYy_2ztBrSHqKSg/featured
DAVID GUETTA,28,,davidguetta,https://www.instagram.com/davidguetta/?hl=ja,https://www.youtube.com/channel/UC1l7wYrva1qCH-wgqcHaaRg
スティーブ・アオキ,28,,steveaoki,https://www.instagram.com/steveaoki/?hl=ja,https://www.youtube.com/user/steveaoki
中川翔子,1,,shoko55mmts,https://www.instagram.com/shoko55mmts/,https://www.youtube.com/channel/UCLW97wZQjnzStp4eMxRf3Kg
川口春奈オフィシャル はーちゃんねる,1,,haruna_kawaguchi_official,https://www.instagram.com/haruna_kawaguchi_official/,https://www.youtube.com/channel/UCHi5HD9w9B-gI6Lbx43Rs7A
Jasmine Tookes,27,ヴィクシーモデル,jastookes,https://www.instagram.com/jastookes/,https://www.youtube.com/channel/UC613sjXVOaDPBoH5xFeqDYQ
Pharrell Williams,28,,i_am_other,https://www.instagram.com/i_am_other/,https://www.youtube.com/channel/UCE560wL2ftkMrQL40LYFUVg
ワンワールド,30,,,,https://www.youtube.com/user/OneWorldAlliance/videos
kygo,28,海外DJ,kygomusic,海外アーティスト,https://www.youtube.com/watch?v=wNFY8lJhm0A
テレ東ニュース,14,,,,https://www.youtube.com/channel/UCkKVQ_GNjd8FbAuT6xDcWgg
もんりょう,4,,rio19891015,https://www.instagram.com/rio19891015/?hl=ja,https://www.youtube.com/channel/UCtfrtF3vDShe9C40i2pZ7qA
進撃のノア,4,,shingeki_noa,https://www.instagram.com/shingeki_noa/?hl=ja,https://www.youtube.com/channel/UCBqN11fVN9yxA0ARcQxU9sQ
てんちむ,2,,super_muchiko,https://www.instagram.com/super_muchiko/?hl=ja,https://www.youtube.com/channel/UCXzU-b8I0Y_fhMkLQMYt3vA
桜井野の花TV,4,,nonoka199148,https://www.instagram.com/nonoka199148/?hl=ja,https://www.youtube.com/channel/UC5MM7hQgMsCCObGa7PpTvZw
よしあき,2,,yooshiakiii,https://www.instagram.com/yooshiakiii/?hl=ja,https://www.youtube.com/channel/UCiJkV6aSJpX9xEJUu00tVlw
みち,2,,mi0306chi,https://www.instagram.com/mi0306chi/?hl=ja,https://www.youtube.com/channel/UCiJkV6aSJpX9xEJUu00tVlw
ワン・ダイレクション,28,,onedirection,,https://www.youtube.com/channel/UCb2HGwORFBo94DmRx4oLzow
Niall Horan,27,,niallhoran,https://www.instagram.com/niallhoran/?hl=ja,https://www.youtube.com/channel/UCQcTX6rX7JhUpHg_T3STtoQ
なつきまり,1,,mari_natsuki,https://www.instagram.com/mari_natsuki/?hl=ja,
三浦春馬,1,,haruma_miura_info,https://www.instagram.com/haruma_miura_info/?hl=ja,
みうらだいち,1,,daichimiura824,https://www.instagram.com/daichimiura824/,https://www.youtube.com/user/DaichiMiuraCh/
ムロツヨシ,1,,murotsuyoshi0123,https://www.instagram.com/murotsuyoshi0123/,
柴咲コウ,1,,ko_shibasaki,https://www.instagram.com/ko_shibasaki/,https://www.youtube.com/channel/UCYMlRRn0d2B94ZOycjI9mzg
テイラー・ヒル,27,,taylor_hill,https://www.instagram.com/taylor_hill/?hl=en,
ファイヴ・セカンズ・オブ・サマー,28,,5sos,https://www.instagram.com/5sos/,https://www.youtube.com/user/hemmo1996
Rinka 梨花,1,,rinchan521,https://www.instagram.com/rinchan521/,
本田圭佑,3,,keisukehonda,https://www.instagram.com/keisukehonda/,https://www.youtube.com/channel/UCgew41EnrAYSKKZmPhnm2ZA
香川真司,3,,sk23.10,https://www.instagram.com/sk23.10/,
山里亮太,1,,ryotayamasato,,
ローラ,1,,rolaofficial,https://www.instagram.com/rolaofficial/?hl=ja,https://www.youtube.com/rola?uid=kMs-Zr9pGixbqm0mhO8J7g&app=desktop
竹内 唯人,8,たけうちりょうまの弟 #オオカミちゃんには騙されない,takeuchi_yuito,https://www.instagram.com/takeuchi_yuito/?hl=ja,https://www.youtube.com/channel/UCvThlBAfAIukb1glH1ue0Wg/videos
ひな,1,#月とオオカミちゃんには騙されない,hina_faky,,https://www.youtube.com/watch?v=zUwZT4aHUxE&feature=youtu.be
Novel Core,1,#月とオオカミちゃんには騙されない,iamnovelcore,https://www.instagram.com/iamnovelcore/?hl=ja,
日比美思,1,#恋愛ドラマな恋がしたい〜Bang Ban Love〜,hibi_mikoto,https://www.instagram.com/hibi_mikoto/,
木村葉月（きむらはづき）,1,#恋愛ドラマな恋がしたい〜Bang Ban Love〜,82ki_82ki,https://www.instagram.com/82ki_82ki/,
新野・ビンスイ・俊幸,2,#テラスハウス,niinotoshiyuki,https://www.instagram.com/niinotoshiyuki/?hl=ja,https://www.youtube.com/channel/UCS8czviz3qdYJCcpJNcUg_A
花音,1,#恋愛ドラマな恋がしたい,kanon_1228,https://www.instagram.com/kanon_1228/?hl=ja,
たかはたみつき,1,,mitsuki_takahata,https://www.instagram.com/mitsuki_takahata/?hl=ja,
ハリセンボン春菜,1,芸人,,,
ビルボード,30,,billboard,https://www.instagram.com/billboard/,https://www.youtube.com/channel/UCsVcseUYbYjldc-XgcsiEbg
奥村真理子,2,美容家,skinholictokyo,https://www.instagram.com/skinholictokyo/,
かんざきめぐみ,2,美容家,megumi_kanzaki,https://www.instagram.com/megumi_kanzaki/,
村上真紀,2,美容家,g_dramaki_,https://www.instagram.com/g_dramaki_/,
Calvin Harris,8,,calvinharris,https://www.instagram.com/calvinharris/,
Adam Levine,8,マルーン５,adamlevine,https://www.instagram.com/adamlevine/,
石川直宏 NaohiroIshikawa,3,,sgss.18,https://www.instagram.com/sgss.18/,
カール・ラガーフェルド（ブランド）,30,,karllagerfeld,https://www.instagram.com/karllagerfeld/?hl=ja,
Vogue,30,,voguemagazine,https://www.instagram.com/voguemagazine/channel/?hl=ja,https://www.youtube.com/user/Americanvogue/videos
神宿,1,,kamiyado0907,https://www.instagram.com/kamiyado0907/?hl=ja,https://www.youtube.com/channel/UClhL_woWoXnmKvv2H8_mxwg
ピカいち CHANNEL,1,,pika1ch,https://www.instagram.com/pika1ch/?hl=ja,https://www.youtube.com/channel/UCCV3RigKiLxFOqlYZcsq35w
SUSHI★BOYS（トータルテンボス）,1,毎週金曜日19時公開,totaltenboss,https://www.instagram.com/totaltenboss/,https://www.youtube.com/channel/UCriA6OetuAB_S9UCnvR-HdQ
マナブログ,2,自己啓発,,,https://www.youtube.com/channel/UCb9h8EpBlGHv9Z896fu4yeQ/videos
Hikakin,2,,hikakin,https://www.instagram.com/hikakin/?hl=ja,https://www.youtube.com/user/HikakinTV/videos
Fischer’s（フィッシャーズ）,2,,instafischers,https://www.instagram.com/instafischers/?hl=ja,https://www.youtube.com/user/MASAIandHamzael
キッズライン♡Kids Line,2,,kidslinetv,https://www.instagram.com/kidslinetv/?hl=ja,https://www.youtube.com/user/runway19co
はじめしゃちょー (hajime),2,,hajimesyachodesu,https://www.instagram.com/hajimesyachodesu/?hl=ja,https://www.youtube.com/user/0214mex
Halno Kujiraoka,2,旅行系写真家,halno,https://www.instagram.com/halno/,
test,2,旅行系写真家,manashika,https://www.instagram.com/manashika/,
詩歩/Shiho (死ぬまでに行きたい!世界の絶景),2,旅行系写真家,shih0107,https://www.instagram.com/shih0107/,https://www.youtube.com/user/zekkeichannnel
MOYA,2,,moyamoya2121,https://www.instagram.com/moyamoya2121/,
tammy,2,芸術,tammychannn,https://www.instagram.com/tammychannn/,
MASAKI MATSUNAGA,2,ウェディング系,masaki0409,https://www.instagram.com/masaki0409/,https://www.youtube.com/channel/UCJUutjHEq_tmAfUVu9ff59g
Yuh Kawsaki,2,旅行系,yuhkawasaki,https://www.instagram.com/yuhkawasaki/,
Kaori,2,旅行系,wg.kaori,https://www.instagram.com/wg.kaori/,
ＡＹＵＭＩ,2,旅行系,ooooooayumioooooo,https://www.instagram.com/ooooooayumioooooo/,https://www.youtube.com/channel/UCPaIr64vFUZKIrVQGyLAYIQ
Tasty Japan,21,,tastyjapan,https://www.instagram.com/tastyjapan/,https://www.youtube.com/watch?v=eD34FSOBOfg
水原希子,1,,i_am_kiko,https://www.instagram.com/i_am_kiko/,https://www.youtube.com/kiko
Victoria's Secret,5,,victoriassecret,https://www.instagram.com/victoriassecret/,
H&M,5,,hm,https://www.instagram.com/hm/,
adidas Originals,5,,adidasoriginals,https://www.instagram.com/adidasoriginals/,
ZARA Official,5,,zara,https://www.instagram.com/zara/,
forever21,5,,forever21,https://www.instagram.com/forever21/,
Louis Vuitton Official,5,,louisvuitton,instagram.com/louisvuitton/,
Gucci,5,,gucci,https://www.instagram.com/gucci/,
Vogue Japan,5,,voguejapan,https://www.instagram.com/voguejapan/,
NYLON JAPAN,5,ファッション,nylonjapan,https://www.instagram.com/nylonjapan/,
ginza magazine,5,,ginzamagazine,https://www.instagram.com/ginzamagazine/,
谷川菜奈,2,,pechi.130,https://www.instagram.com/pechi.130/?utm_source=ig_embed,https://www.youtube.com/channel/UCbXbh-K4R9qGlBnVY_Z3IHw/videos
Shinjiro Ono,12,,marutaro,https://www.instagram.com/marutaro/?utm_source=ig_embed,https://www.instagram.com/marutaro/?utm_source=ig_embed
ふくれな,2,,fukurena,https://www.instagram.com/fukurena/?utm_source=ig_embed,https://www.youtube.com/channel/UCdK3LnMrq1-4MZteb-v5i5g
新木優子,1,nono専属モデル,yuuuuukko_,https://www.instagram.com/yuuuuukko_/,
山﨑賢人,1,俳優,kentooyamazaki,https://instagram.userlocal.jp/users/kentooyamazaki,
吉岡里帆,1,女優,riho_yoshioka,https://www.instagram.com/riho_yoshioka/,
中村アン,1,,cocoannne,https://www.instagram.com/cocoannne/,
小籔千豊小籔千豊（吉本新喜劇）,1,,koyabukazutoyo_shinkigeki,https://www.instagram.com/koyabukazutoyo_shinkigeki/,
はち,1,柴犬,yorimenohachi,https://www.instagram.com/yorimenohachi/?hl=ja,https://www.youtube.com/channel/UCMMhK-o0Txrl_a7ta4YvuQQ